종목코드,예측확률,SHAP_Feature_1,SHAP_Value_1,SHAP_Impact_1,SHAP_Feature_2,SHAP_Value_2,SHAP_Impact_2,SHAP_Feature_3,SHAP_Value_3,SHAP_Impact_3
35720,0.866357883855351,volume_price,1047916576000.0,0.2372976830182597,num_up_days,4.0,0.0802851101430133,std_close,1033.322361144293,-0.06662496400531381
377300,0.852361096009634,return_1d,-0.030716723549488,0.36629237918183205,std_close,16390.32815848594,0.24612477669492364,volume_price,1418266464000.0,0.24443810186814516
35420,0.844011900317421,close_4,1004000.0,0.4190151825360954,저가,993000.0,-0.2527195020485669,mean_close,1001428.5714285716,-0.24723629305139183
18260,0.829962104251739,return_3d,-0.0415973377703826,-0.16776775884907694,num_up_days,2.0,-0.14315321121364832,return_1d,-0.0303030303030303,0.13492013690585736
323410,0.8279355577623514,return_3d,-0.1135972461273666,0.9630446862964891,tail_up,0.0283018867924528,0.2032395324175013,return_1d,-0.0134099616858237,0.13235376951575745
